www.constantcontact.com,error,Email
www.constantcontact.com,error,Instagram
www.constantcontact.com,error,Facebook
www.constantcontact.com,error,Twitter
www.constantcontact.com,error,Tiktok
www.constantcontact.com,error,Youtube
www.constantcontact.com,error,Github
www.constantcontact.com,error,Medium
trailhead.salesforce.com,error,Email
trailhead.salesforce.com,error,Instagram
trailhead.salesforce.com,error,Facebook
trailhead.salesforce.com,error,Twitter
trailhead.salesforce.com,error,Tiktok
trailhead.salesforce.com,error,Youtube
trailhead.salesforce.com,error,Github
trailhead.salesforce.com,error,Medium
blog.hubspot.com,error,Email
blog.hubspot.com,error,Instagram
blog.hubspot.com,error,Facebook
blog.hubspot.com,error,Twitter
blog.hubspot.com,error,Tiktok
blog.hubspot.com,error,Youtube
blog.hubspot.com,error,Github
blog.hubspot.com,error,Medium
www.searchenginejournal.com,error,Email
www.searchenginejournal.com,error,Instagram
www.searchenginejournal.com,error,Facebook
www.searchenginejournal.com,error,Twitter
www.searchenginejournal.com,error,Tiktok
www.searchenginejournal.com,error,Youtube
www.searchenginejournal.com,error,Github
www.searchenginejournal.com,error,Medium
www.dell.com,error,Email
www.dell.com,error,Instagram
www.dell.com,error,Facebook
www.dell.com,error,Twitter
www.dell.com,error,Tiktok
www.dell.com,error,Youtube
www.dell.com,error,Github
www.dell.com,error,Medium
gethelp.wildapricot.com,error,Email
gethelp.wildapricot.com,error,Instagram
gethelp.wildapricot.com,error,Facebook
gethelp.wildapricot.com,error,Twitter
gethelp.wildapricot.com,error,Tiktok
gethelp.wildapricot.com,error,Youtube
gethelp.wildapricot.com,error,Github
gethelp.wildapricot.com,error,Medium
support.citrix.com,error,Email
support.citrix.com,error,Instagram
support.citrix.com,error,Facebook
support.citrix.com,error,Twitter
support.citrix.com,error,Tiktok
support.citrix.com,error,Youtube
support.citrix.com,error,Github
support.citrix.com,error,Medium
community.hubspot.com,error,Email
community.hubspot.com,error,Instagram
community.hubspot.com,error,Facebook
community.hubspot.com,error,Twitter
community.hubspot.com,error,Tiktok
community.hubspot.com,error,Youtube
community.hubspot.com,error,Github
community.hubspot.com,error,Medium
salesforce.stackexchange.com,error,Email
salesforce.stackexchange.com,error,Instagram
salesforce.stackexchange.com,error,Facebook
salesforce.stackexchange.com,error,Twitter
salesforce.stackexchange.com,error,Tiktok
salesforce.stackexchange.com,error,Youtube
salesforce.stackexchange.com,error,Github
salesforce.stackexchange.com,error,Medium
www.helpscout.com,error,Email
www.helpscout.com,error,Instagram
www.helpscout.com,error,Facebook
www.helpscout.com,error,Twitter
www.helpscout.com,error,Tiktok
www.helpscout.com,error,Youtube
www.helpscout.com,error,Github
www.helpscout.com,error,Medium
www.officetools.com,error,Email
www.officetools.com,error,Instagram
www.officetools.com,error,Facebook
www.officetools.com,error,Twitter
www.officetools.com,error,Tiktok
www.officetools.com,error,Youtube
www.officetools.com,error,Github
www.officetools.com,error,Medium
www.zendesk.com,error,Email
www.zendesk.com,error,Instagram
www.zendesk.com,error,Facebook
www.zendesk.com,error,Twitter
www.zendesk.com,error,Tiktok
www.zendesk.com,error,Youtube
www.zendesk.com,error,Github
www.zendesk.com,error,Medium
www.canada.ca,error,Email
www.canada.ca,error,Instagram
www.canada.ca,error,Facebook
www.canada.ca,error,Twitter
www.canada.ca,error,Tiktok
www.canada.ca,error,Youtube
www.canada.ca,error,Github
www.canada.ca,error,Medium
www.apple.com,error,Email
www.apple.com,error,Instagram
www.apple.com,error,Facebook
www.apple.com,error,Twitter
www.apple.com,error,Tiktok
www.apple.com,error,Youtube
www.apple.com,error,Github
www.apple.com,error,Medium
www.dsv.com,error,Email
www.dsv.com,error,Instagram
www.dsv.com,error,Facebook
www.dsv.com,error,Twitter
www.dsv.com,error,Tiktok
www.dsv.com,error,Youtube
www.dsv.com,error,Github
www.dsv.com,error,Medium
residential.eldmztest.com,error,Email
residential.eldmztest.com,error,Instagram
residential.eldmztest.com,error,Facebook
residential.eldmztest.com,error,Twitter
residential.eldmztest.com,error,Tiktok
residential.eldmztest.com,error,Youtube
residential.eldmztest.com,error,Github
residential.eldmztest.com,error,Medium
www.airtransat.com,error,Email
www.airtransat.com,error,Instagram
www.airtransat.com,error,Facebook
www.airtransat.com,error,Twitter
www.airtransat.com,error,Tiktok
www.airtransat.com,error,Youtube
www.airtransat.com,error,Github
www.airtransat.com,error,Medium
www.quora.com,error,Email
www.quora.com,error,Instagram
www.quora.com,error,Facebook
www.quora.com,error,Twitter
www.quora.com,error,Tiktok
www.quora.com,error,Youtube
www.quora.com,error,Github
www.quora.com,error,Medium
marinerholdingsllc.m.beta.workplace.com,error,Email
marinerholdingsllc.m.beta.workplace.com,error,Instagram
marinerholdingsllc.m.beta.workplace.com,error,Facebook
marinerholdingsllc.m.beta.workplace.com,error,Twitter
marinerholdingsllc.m.beta.workplace.com,error,Tiktok
marinerholdingsllc.m.beta.workplace.com,error,Youtube
marinerholdingsllc.m.beta.workplace.com,error,Github
marinerholdingsllc.m.beta.workplace.com,error,Medium
www.disnat.com,error,Email
www.disnat.com,error,Instagram
www.disnat.com,error,Facebook
www.disnat.com,error,Twitter
www.disnat.com,error,Tiktok
www.disnat.com,error,Youtube
www.disnat.com,error,Github
www.disnat.com,error,Medium
support.microsoft.com,error,Email
support.microsoft.com,error,Instagram
support.microsoft.com,error,Facebook
support.microsoft.com,error,Twitter
support.microsoft.com,error,Tiktok
support.microsoft.com,error,Youtube
support.microsoft.com,error,Github
support.microsoft.com,error,Medium
www.ethiopianairlines.com,error,Email
www.ethiopianairlines.com,error,Instagram
www.ethiopianairlines.com,error,Facebook
www.ethiopianairlines.com,error,Twitter
www.ethiopianairlines.com,error,Tiktok
www.ethiopianairlines.com,error,Youtube
www.ethiopianairlines.com,error,Github
www.ethiopianairlines.com,error,Medium
www.miles-and-more.com,error,Email
www.miles-and-more.com,error,Instagram
www.miles-and-more.com,error,Facebook
www.miles-and-more.com,error,Twitter
www.miles-and-more.com,error,Tiktok
www.miles-and-more.com,error,Youtube
www.miles-and-more.com,error,Github
www.miles-and-more.com,error,Medium
support.paybyphone.com,error,Email
support.paybyphone.com,error,Instagram
support.paybyphone.com,error,Facebook
support.paybyphone.com,error,Twitter
support.paybyphone.com,error,Tiktok
support.paybyphone.com,error,Youtube
support.paybyphone.com,error,Github
support.paybyphone.com,error,Medium
support.squarespace.com,error,Email
support.squarespace.com,error,Instagram
support.squarespace.com,error,Facebook
support.squarespace.com,error,Twitter
support.squarespace.com,error,Tiktok
support.squarespace.com,error,Youtube
support.squarespace.com,error,Github
support.squarespace.com,error,Medium
support.thinkific.com,error,Email
support.thinkific.com,error,Instagram
support.thinkific.com,error,Facebook
support.thinkific.com,error,Twitter
support.thinkific.com,error,Tiktok
support.thinkific.com,error,Youtube
support.thinkific.com,error,Github
support.thinkific.com,error,Medium
www.finnair.com,error,Email
www.finnair.com,error,Instagram
www.finnair.com,error,Facebook
www.finnair.com,error,Twitter
www.finnair.com,error,Tiktok
www.finnair.com,error,Youtube
www.finnair.com,error,Github
www.finnair.com,error,Medium
answers.microsoft.com,error,Email
answers.microsoft.com,error,Instagram
answers.microsoft.com,error,Facebook
answers.microsoft.com,error,Twitter
answers.microsoft.com,error,Tiktok
answers.microsoft.com,error,Youtube
answers.microsoft.com,error,Github
answers.microsoft.com,error,Medium
trailhead.salesforce.com,error,Email
trailhead.salesforce.com,error,Instagram
trailhead.salesforce.com,error,Facebook
trailhead.salesforce.com,error,Twitter
trailhead.salesforce.com,error,Tiktok
trailhead.salesforce.com,error,Youtube
trailhead.salesforce.com,error,Github
trailhead.salesforce.com,error,Medium
learn.microsoft.com,error,Email
learn.microsoft.com,error,Instagram
learn.microsoft.com,error,Facebook
learn.microsoft.com,error,Twitter
learn.microsoft.com,error,Tiktok
learn.microsoft.com,error,Youtube
learn.microsoft.com,error,Github
learn.microsoft.com,error,Medium
support.squarespace.com,error,Email
support.squarespace.com,error,Instagram
support.squarespace.com,error,Facebook
support.squarespace.com,error,Twitter
support.squarespace.com,error,Tiktok
support.squarespace.com,error,Youtube
support.squarespace.com,error,Github
support.squarespace.com,error,Medium
thehelm.polb.com,error,Email
thehelm.polb.com,error,Instagram
thehelm.polb.com,error,Facebook
thehelm.polb.com,error,Twitter
thehelm.polb.com,error,Tiktok
thehelm.polb.com,error,Youtube
thehelm.polb.com,error,Github
thehelm.polb.com,error,Medium
www.lufthansa.com,error,Email
www.lufthansa.com,error,Instagram
www.lufthansa.com,error,Facebook
www.lufthansa.com,error,Twitter
www.lufthansa.com,error,Tiktok
www.lufthansa.com,error,Youtube
www.lufthansa.com,error,Github
www.lufthansa.com,error,Medium
www.latamairlines.com,error,Email
www.latamairlines.com,error,Instagram
www.latamairlines.com,error,Facebook
www.latamairlines.com,error,Twitter
www.latamairlines.com,error,Tiktok
www.latamairlines.com,error,Youtube
www.latamairlines.com,error,Github
www.latamairlines.com,error,Medium
community.d2l.com,error,Email
community.d2l.com,error,Instagram
community.d2l.com,error,Facebook
community.d2l.com,error,Twitter
community.d2l.com,error,Tiktok
community.d2l.com,error,Youtube
community.d2l.com,error,Github
community.d2l.com,error,Medium
www.paypal.com,error,Email
www.paypal.com,error,Instagram
www.paypal.com,error,Facebook
www.paypal.com,error,Twitter
www.paypal.com,error,Tiktok
www.paypal.com,error,Youtube
www.paypal.com,error,Github
www.paypal.com,error,Medium
www.db.com,error,Email
www.db.com,error,Instagram
www.db.com,error,Facebook
www.db.com,error,Twitter
www.db.com,error,Tiktok
www.db.com,error,Youtube
www.db.com,error,Github
www.db.com,error,Medium
www.flyporter.com,error,Email
www.flyporter.com,error,Instagram
www.flyporter.com,error,Facebook
www.flyporter.com,error,Twitter
www.flyporter.com,error,Tiktok
www.flyporter.com,error,Youtube
www.flyporter.com,error,Github
www.flyporter.com,error,Medium
learn.microsoft.com,error,Email
learn.microsoft.com,error,Instagram
learn.microsoft.com,error,Facebook
learn.microsoft.com,error,Twitter
learn.microsoft.com,error,Tiktok
learn.microsoft.com,error,Youtube
learn.microsoft.com,error,Github
learn.microsoft.com,error,Medium
italiaonline2.com,error,Email
italiaonline2.com,error,Instagram
italiaonline2.com,error,Facebook
italiaonline2.com,error,Twitter
italiaonline2.com,error,Tiktok
italiaonline2.com,error,Youtube
italiaonline2.com,error,Github
italiaonline2.com,error,Medium
www.zaber.com,error,Email
www.zaber.com,error,Instagram
www.zaber.com,error,Facebook
www.zaber.com,error,Twitter
www.zaber.com,error,Tiktok
www.zaber.com,error,Youtube
www.zaber.com,error,Github
www.zaber.com,error,Medium
jasem.chiachoob.com,error,Email
jasem.chiachoob.com,error,Instagram
jasem.chiachoob.com,error,Facebook
jasem.chiachoob.com,error,Twitter
jasem.chiachoob.com,error,Tiktok
jasem.chiachoob.com,error,Youtube
jasem.chiachoob.com,error,Github
jasem.chiachoob.com,error,Medium
www.guardicore.com,error,Email
www.guardicore.com,error,Instagram
www.guardicore.com,error,Facebook
www.guardicore.com,error,Twitter
www.guardicore.com,error,Tiktok
www.guardicore.com,error,Youtube
www.guardicore.com,error,Github
www.guardicore.com,error,Medium
www.lumen.com,error,Email
www.lumen.com,error,Instagram
www.lumen.com,error,Facebook
www.lumen.com,error,Twitter
www.lumen.com,error,Tiktok
www.lumen.com,error,Youtube
www.lumen.com,error,Github
www.lumen.com,error,Medium
www.rosebikes.com,error,Email
www.rosebikes.com,error,Instagram
www.rosebikes.com,error,Facebook
www.rosebikes.com,error,Twitter
www.rosebikes.com,error,Tiktok
www.rosebikes.com,error,Youtube
www.rosebikes.com,error,Github
www.rosebikes.com,error,Medium
pilotflyingj.com,error,Email
pilotflyingj.com,error,Instagram
pilotflyingj.com,error,Facebook
pilotflyingj.com,error,Twitter
pilotflyingj.com,error,Tiktok
pilotflyingj.com,error,Youtube
pilotflyingj.com,error,Github
pilotflyingj.com,error,Medium
www.disnat.com,error,Email
www.disnat.com,error,Instagram
www.disnat.com,error,Facebook
www.disnat.com,error,Twitter
www.disnat.com,error,Tiktok
www.disnat.com,error,Youtube
www.disnat.com,error,Github
www.disnat.com,error,Medium
support.apple.com,error,Email
support.apple.com,error,Instagram
support.apple.com,error,Facebook
support.apple.com,error,Twitter
support.apple.com,error,Tiktok
support.apple.com,error,Youtube
support.apple.com,error,Github
support.apple.com,error,Medium
support.microsoft.com,error,Email
support.microsoft.com,error,Instagram
support.microsoft.com,error,Facebook
support.microsoft.com,error,Twitter
support.microsoft.com,error,Tiktok
support.microsoft.com,error,Youtube
support.microsoft.com,error,Github
support.microsoft.com,error,Medium
tfgm.com,error,Email
tfgm.com,error,Instagram
tfgm.com,error,Facebook
tfgm.com,error,Twitter
tfgm.com,error,Tiktok
tfgm.com,error,Youtube
tfgm.com,error,Github
tfgm.com,error,Medium
www.aerzen.com,error,Email
www.aerzen.com,error,Instagram
www.aerzen.com,error,Facebook
www.aerzen.com,error,Twitter
www.aerzen.com,error,Tiktok
www.aerzen.com,error,Youtube
www.aerzen.com,error,Github
www.aerzen.com,error,Medium
support.apple.com,error,Email
support.apple.com,error,Instagram
support.apple.com,error,Facebook
support.apple.com,error,Twitter
support.apple.com,error,Tiktok
support.apple.com,error,Youtube
support.apple.com,error,Github
support.apple.com,error,Medium
ca.ccli.com,error,Email
ca.ccli.com,error,Instagram
ca.ccli.com,error,Facebook
ca.ccli.com,error,Twitter
ca.ccli.com,error,Tiktok
ca.ccli.com,error,Youtube
ca.ccli.com,error,Github
ca.ccli.com,error,Medium
www.neutrik.com,error,Email
www.neutrik.com,error,Instagram
www.neutrik.com,error,Facebook
www.neutrik.com,error,Twitter
www.neutrik.com,error,Tiktok
www.neutrik.com,error,Youtube
www.neutrik.com,error,Github
www.neutrik.com,error,Medium
sites.google.com,error,Email
sites.google.com,error,Instagram
sites.google.com,error,Facebook
sites.google.com,error,Twitter
sites.google.com,error,Tiktok
sites.google.com,error,Youtube
sites.google.com,error,Github
sites.google.com,error,Medium
www.stagecoachbus.com,error,Email
www.stagecoachbus.com,error,Instagram
www.stagecoachbus.com,error,Facebook
www.stagecoachbus.com,error,Twitter
www.stagecoachbus.com,error,Tiktok
www.stagecoachbus.com,error,Youtube
www.stagecoachbus.com,error,Github
www.stagecoachbus.com,error,Medium
www.ethiopianairlines.com,error,Email
www.ethiopianairlines.com,error,Instagram
www.ethiopianairlines.com,error,Facebook
www.ethiopianairlines.com,error,Twitter
www.ethiopianairlines.com,error,Tiktok
www.ethiopianairlines.com,error,Youtube
www.ethiopianairlines.com,error,Github
www.ethiopianairlines.com,error,Medium
bcrealestatelawyers.com,error,Email
bcrealestatelawyers.com,error,Instagram
bcrealestatelawyers.com,error,Facebook
bcrealestatelawyers.com,error,Twitter
bcrealestatelawyers.com,error,Tiktok
bcrealestatelawyers.com,error,Youtube
bcrealestatelawyers.com,error,Github
bcrealestatelawyers.com,error,Medium
nexgenenergy2021corp.q4web.com,error,Email
nexgenenergy2021corp.q4web.com,error,Instagram
nexgenenergy2021corp.q4web.com,error,Facebook
nexgenenergy2021corp.q4web.com,error,Twitter
nexgenenergy2021corp.q4web.com,error,Tiktok
nexgenenergy2021corp.q4web.com,error,Youtube
nexgenenergy2021corp.q4web.com,error,Github
nexgenenergy2021corp.q4web.com,error,Medium
www.ethiopianairlines.com,error,Email
www.ethiopianairlines.com,error,Instagram
www.ethiopianairlines.com,error,Facebook
www.ethiopianairlines.com,error,Twitter
www.ethiopianairlines.com,error,Tiktok
www.ethiopianairlines.com,error,Youtube
www.ethiopianairlines.com,error,Github
www.ethiopianairlines.com,error,Medium
www.absorblms.com,error,Email
www.absorblms.com,error,Instagram
www.absorblms.com,error,Facebook
www.absorblms.com,error,Twitter
www.absorblms.com,error,Tiktok
www.absorblms.com,error,Youtube
www.absorblms.com,error,Github
www.absorblms.com,error,Medium
www.chlorosoil.com,error,Email
www.chlorosoil.com,error,Instagram
www.chlorosoil.com,error,Facebook
www.chlorosoil.com,error,Twitter
www.chlorosoil.com,error,Tiktok
www.chlorosoil.com,error,Youtube
www.chlorosoil.com,error,Github
www.chlorosoil.com,error,Medium
www.jnj.com,error,Email
www.jnj.com,error,Instagram
www.jnj.com,error,Facebook
www.jnj.com,error,Twitter
www.jnj.com,error,Tiktok
www.jnj.com,error,Youtube
www.jnj.com,error,Github
www.jnj.com,error,Medium
experienceleague.adobe.com,error,Email
experienceleague.adobe.com,error,Instagram
experienceleague.adobe.com,error,Facebook
experienceleague.adobe.com,error,Twitter
experienceleague.adobe.com,error,Tiktok
experienceleague.adobe.com,error,Youtube
experienceleague.adobe.com,error,Github
experienceleague.adobe.com,error,Medium
corkcicle.com,error,Email
corkcicle.com,error,Instagram
corkcicle.com,error,Facebook
corkcicle.com,error,Twitter
corkcicle.com,error,Tiktok
corkcicle.com,error,Youtube
corkcicle.com,error,Github
corkcicle.com,error,Medium
www.harvardartmuseums.com,error,Email
www.harvardartmuseums.com,error,Instagram
www.harvardartmuseums.com,error,Facebook
www.harvardartmuseums.com,error,Twitter
www.harvardartmuseums.com,error,Tiktok
www.harvardartmuseums.com,error,Youtube
www.harvardartmuseums.com,error,Github
www.harvardartmuseums.com,error,Medium
support.citrix.com,error,Email
support.citrix.com,error,Instagram
support.citrix.com,error,Facebook
support.citrix.com,error,Twitter
support.citrix.com,error,Tiktok
support.citrix.com,error,Youtube
support.citrix.com,error,Github
support.citrix.com,error,Medium
grandbanker.com,error,Email
grandbanker.com,error,Instagram
grandbanker.com,error,Facebook
grandbanker.com,error,Twitter
grandbanker.com,error,Tiktok
grandbanker.com,error,Youtube
grandbanker.com,error,Github
grandbanker.com,error,Medium
www.photoshopessentials.com,error,Email
www.photoshopessentials.com,error,Instagram
www.photoshopessentials.com,error,Facebook
www.photoshopessentials.com,error,Twitter
www.photoshopessentials.com,error,Tiktok
www.photoshopessentials.com,error,Youtube
www.photoshopessentials.com,error,Github
www.photoshopessentials.com,error,Medium
sources-caudalie.com,error,Email
sources-caudalie.com,error,Instagram
sources-caudalie.com,error,Facebook
sources-caudalie.com,error,Twitter
sources-caudalie.com,error,Tiktok
sources-caudalie.com,error,Youtube
sources-caudalie.com,error,Github
sources-caudalie.com,error,Medium
www.myalcon.com,error,Email
www.myalcon.com,error,Instagram
www.myalcon.com,error,Facebook
www.myalcon.com,error,Twitter
www.myalcon.com,error,Tiktok
www.myalcon.com,error,Youtube
www.myalcon.com,error,Github
www.myalcon.com,error,Medium
www.vancity.com,error,Email
www.vancity.com,error,Instagram
www.vancity.com,error,Facebook
www.vancity.com,error,Twitter
www.vancity.com,error,Tiktok
www.vancity.com,error,Youtube
www.vancity.com,error,Github
www.vancity.com,error,Medium
www.fedex.com,error,Email
www.fedex.com,error,Instagram
www.fedex.com,error,Facebook
www.fedex.com,error,Twitter
www.fedex.com,error,Tiktok
www.fedex.com,error,Youtube
www.fedex.com,error,Github
www.fedex.com,error,Medium
www.cppinvestments.com,error,Email
www.cppinvestments.com,error,Instagram
www.cppinvestments.com,error,Facebook
www.cppinvestments.com,error,Twitter
www.cppinvestments.com,error,Tiktok
www.cppinvestments.com,error,Youtube
www.cppinvestments.com,error,Github
www.cppinvestments.com,error,Medium
www.finnair.com,error,Email
www.finnair.com,error,Instagram
www.finnair.com,error,Facebook
www.finnair.com,error,Twitter
www.finnair.com,error,Tiktok
www.finnair.com,error,Youtube
www.finnair.com,error,Github
www.finnair.com,error,Medium
www.abrdn.com,error,Email
www.abrdn.com,error,Instagram
www.abrdn.com,error,Facebook
www.abrdn.com,error,Twitter
www.abrdn.com,error,Tiktok
www.abrdn.com,error,Youtube
www.abrdn.com,error,Github
www.abrdn.com,error,Medium
bingemans.com,error,Email
bingemans.com,error,Instagram
bingemans.com,error,Facebook
bingemans.com,error,Twitter
bingemans.com,error,Tiktok
bingemans.com,error,Youtube
bingemans.com,error,Github
bingemans.com,error,Medium
www.att.com,error,Email
www.att.com,error,Instagram
www.att.com,error,Facebook
www.att.com,error,Twitter
www.att.com,error,Tiktok
www.att.com,error,Youtube
www.att.com,error,Github
www.att.com,error,Medium
www.ethiopianairlines.com,error,Email
www.ethiopianairlines.com,error,Instagram
www.ethiopianairlines.com,error,Facebook
www.ethiopianairlines.com,error,Twitter
www.ethiopianairlines.com,error,Tiktok
www.ethiopianairlines.com,error,Youtube
www.ethiopianairlines.com,error,Github
www.ethiopianairlines.com,error,Medium
www.norwegian.com,error,Email
www.norwegian.com,error,Instagram
www.norwegian.com,error,Facebook
www.norwegian.com,error,Twitter
www.norwegian.com,error,Tiktok
www.norwegian.com,error,Youtube
www.norwegian.com,error,Github
www.norwegian.com,error,Medium
www.severntrent.com,error,Email
www.severntrent.com,error,Instagram
www.severntrent.com,error,Facebook
www.severntrent.com,error,Twitter
www.severntrent.com,error,Tiktok
www.severntrent.com,error,Youtube
www.severntrent.com,error,Github
www.severntrent.com,error,Medium
www.securityandfire.honeywell.com,error,Email
www.securityandfire.honeywell.com,error,Instagram
www.securityandfire.honeywell.com,error,Facebook
www.securityandfire.honeywell.com,error,Twitter
www.securityandfire.honeywell.com,error,Tiktok
www.securityandfire.honeywell.com,error,Youtube
www.securityandfire.honeywell.com,error,Github
www.securityandfire.honeywell.com,error,Medium
www.pizzaexpress.com,error,Email
www.pizzaexpress.com,error,Instagram
www.pizzaexpress.com,error,Facebook
www.pizzaexpress.com,error,Twitter
www.pizzaexpress.com,error,Tiktok
www.pizzaexpress.com,error,Youtube
www.pizzaexpress.com,error,Github
www.pizzaexpress.com,error,Medium
www.airbaltic.com,error,Email
www.airbaltic.com,error,Instagram
www.airbaltic.com,error,Facebook
www.airbaltic.com,error,Twitter
www.airbaltic.com,error,Tiktok
www.airbaltic.com,error,Youtube
www.airbaltic.com,error,Github
www.airbaltic.com,error,Medium
www.larksuite.com,error,Email
www.larksuite.com,error,Instagram
www.larksuite.com,error,Facebook
www.larksuite.com,error,Twitter
www.larksuite.com,error,Tiktok
www.larksuite.com,error,Youtube
www.larksuite.com,error,Github
www.larksuite.com,error,Medium
www.intermedia.com,error,Email
www.intermedia.com,error,Instagram
www.intermedia.com,error,Facebook
www.intermedia.com,error,Twitter
www.intermedia.com,error,Tiktok
www.intermedia.com,error,Youtube
www.intermedia.com,error,Github
www.intermedia.com,error,Medium
help.dialpad.com,error,Email
help.dialpad.com,error,Instagram
help.dialpad.com,error,Facebook
help.dialpad.com,error,Twitter
help.dialpad.com,error,Tiktok
help.dialpad.com,error,Youtube
help.dialpad.com,error,Github
help.dialpad.com,error,Medium
www.ferrovial.com,error,Email
www.ferrovial.com,error,Instagram
www.ferrovial.com,error,Facebook
www.ferrovial.com,error,Twitter
www.ferrovial.com,error,Tiktok
www.ferrovial.com,error,Youtube
www.ferrovial.com,error,Github
www.ferrovial.com,error,Medium
americaneyecare.com,error,Email
americaneyecare.com,error,Instagram
americaneyecare.com,error,Facebook
americaneyecare.com,error,Twitter
americaneyecare.com,error,Tiktok
americaneyecare.com,error,Youtube
americaneyecare.com,error,Github
americaneyecare.com,error,Medium
www.epam.com,error,Email
www.epam.com,error,Instagram
www.epam.com,error,Facebook
www.epam.com,error,Twitter
www.epam.com,error,Tiktok
www.epam.com,error,Youtube
www.epam.com,error,Github
www.epam.com,error,Medium
www.apexhours.com,error,Email
www.apexhours.com,error,Instagram
www.apexhours.com,error,Facebook
www.apexhours.com,error,Twitter
www.apexhours.com,error,Tiktok
www.apexhours.com,error,Youtube
www.apexhours.com,error,Github
www.apexhours.com,error,Medium
www.algonquincollege.com,error,Email
www.algonquincollege.com,error,Instagram
www.algonquincollege.com,error,Facebook
www.algonquincollege.com,error,Twitter
www.algonquincollege.com,error,Tiktok
www.algonquincollege.com,error,Youtube
www.algonquincollege.com,error,Github
www.algonquincollege.com,error,Medium
www.sharkclub.com,error,Email
www.sharkclub.com,error,Instagram
www.sharkclub.com,error,Facebook
www.sharkclub.com,error,Twitter
www.sharkclub.com,error,Tiktok
www.sharkclub.com,error,Youtube
www.sharkclub.com,error,Github
www.sharkclub.com,error,Medium
www.palladiumhotelgroup.com,error,Email
www.palladiumhotelgroup.com,error,Instagram
www.palladiumhotelgroup.com,error,Facebook
www.palladiumhotelgroup.com,error,Twitter
www.palladiumhotelgroup.com,error,Tiktok
www.palladiumhotelgroup.com,error,Youtube
www.palladiumhotelgroup.com,error,Github
www.palladiumhotelgroup.com,error,Medium
www.nextiva.com,error,Email
www.nextiva.com,error,Instagram
www.nextiva.com,error,Facebook
www.nextiva.com,error,Twitter
www.nextiva.com,error,Tiktok
www.nextiva.com,error,Youtube
www.nextiva.com,error,Github
www.nextiva.com,error,Medium
learn.microsoft.com,error,Email
learn.microsoft.com,error,Instagram
learn.microsoft.com,error,Facebook
learn.microsoft.com,error,Twitter
learn.microsoft.com,error,Tiktok
learn.microsoft.com,error,Youtube
learn.microsoft.com,error,Github
learn.microsoft.com,error,Medium
www.planetm.com,error,Email
www.planetm.com,error,Instagram
www.planetm.com,error,Facebook
www.planetm.com,error,Twitter
www.planetm.com,error,Tiktok
www.planetm.com,error,Youtube
www.planetm.com,error,Github
www.planetm.com,error,Medium
www.ertsport.com,error,Email
www.ertsport.com,error,Instagram
www.ertsport.com,error,Facebook
www.ertsport.com,error,Twitter
www.ertsport.com,error,Tiktok
www.ertsport.com,error,Youtube
www.ertsport.com,error,Github
www.ertsport.com,error,Medium
www.twilio.com,error,Email
www.twilio.com,error,Instagram
www.twilio.com,error,Facebook
www.twilio.com,error,Twitter
www.twilio.com,error,Tiktok
www.twilio.com,error,Youtube
www.twilio.com,error,Github
www.twilio.com,error,Medium
support.atera.com,error,Email
support.atera.com,error,Instagram
support.atera.com,error,Facebook
support.atera.com,error,Twitter
support.atera.com,error,Tiktok
support.atera.com,error,Youtube
support.atera.com,error,Github
support.atera.com,error,Medium
minnkota-help.johnsonoutdoors.com,error,Email
minnkota-help.johnsonoutdoors.com,error,Instagram
minnkota-help.johnsonoutdoors.com,error,Facebook
minnkota-help.johnsonoutdoors.com,error,Twitter
minnkota-help.johnsonoutdoors.com,error,Tiktok
minnkota-help.johnsonoutdoors.com,error,Youtube
minnkota-help.johnsonoutdoors.com,error,Github
minnkota-help.johnsonoutdoors.com,error,Medium
www.chasedoors.com,error,Email
www.chasedoors.com,error,Instagram
www.chasedoors.com,error,Facebook
www.chasedoors.com,error,Twitter
www.chasedoors.com,error,Tiktok
www.chasedoors.com,error,Youtube
www.chasedoors.com,error,Github
www.chasedoors.com,error,Medium
www.zaber.com,error,Email
www.zaber.com,error,Instagram
www.zaber.com,error,Facebook
www.zaber.com,error,Twitter
www.zaber.com,error,Tiktok
www.zaber.com,error,Youtube
www.zaber.com,error,Github
www.zaber.com,error,Medium
www.ohsuwelcome.com,error,Email
www.ohsuwelcome.com,error,Instagram
www.ohsuwelcome.com,error,Facebook
www.ohsuwelcome.com,error,Twitter
www.ohsuwelcome.com,error,Tiktok
www.ohsuwelcome.com,error,Youtube
www.ohsuwelcome.com,error,Github
www.ohsuwelcome.com,error,Medium
www.sfairport.com,error,Email
www.sfairport.com,error,Instagram
www.sfairport.com,error,Facebook
www.sfairport.com,error,Twitter
www.sfairport.com,error,Tiktok
www.sfairport.com,error,Youtube
www.sfairport.com,error,Github
www.sfairport.com,error,Medium
or-eugene.civicplus.com,error,Email
or-eugene.civicplus.com,error,Instagram
or-eugene.civicplus.com,error,Facebook
or-eugene.civicplus.com,error,Twitter
or-eugene.civicplus.com,error,Tiktok
or-eugene.civicplus.com,error,Youtube
or-eugene.civicplus.com,error,Github
or-eugene.civicplus.com,error,Medium
www.colgatepalmolive.com,error,Email
www.colgatepalmolive.com,error,Instagram
www.colgatepalmolive.com,error,Facebook
www.colgatepalmolive.com,error,Twitter
www.colgatepalmolive.com,error,Tiktok
www.colgatepalmolive.com,error,Youtube
www.colgatepalmolive.com,error,Github
www.colgatepalmolive.com,error,Medium
www.palladiumhotelgroup.com,error,Email
www.palladiumhotelgroup.com,error,Instagram
www.palladiumhotelgroup.com,error,Facebook
www.palladiumhotelgroup.com,error,Twitter
www.palladiumhotelgroup.com,error,Tiktok
www.palladiumhotelgroup.com,error,Youtube
www.palladiumhotelgroup.com,error,Github
www.palladiumhotelgroup.com,error,Medium
amoretrattoriaitaliana.com,error,Email
amoretrattoriaitaliana.com,error,Instagram
amoretrattoriaitaliana.com,error,Facebook
amoretrattoriaitaliana.com,error,Twitter
amoretrattoriaitaliana.com,error,Tiktok
amoretrattoriaitaliana.com,error,Youtube
amoretrattoriaitaliana.com,error,Github
amoretrattoriaitaliana.com,error,Medium
recruitmentmagic.com,error,Email
recruitmentmagic.com,error,Instagram
recruitmentmagic.com,error,Facebook
recruitmentmagic.com,error,Twitter
recruitmentmagic.com,error,Tiktok
recruitmentmagic.com,error,Youtube
recruitmentmagic.com,error,Github
recruitmentmagic.com,error,Medium
www.onestream.com,error,Email
www.onestream.com,error,Instagram
www.onestream.com,error,Facebook
www.onestream.com,error,Twitter
www.onestream.com,error,Tiktok
www.onestream.com,error,Youtube
www.onestream.com,error,Github
www.onestream.com,error,Medium
www.zeiss.com,error,Email
www.zeiss.com,error,Instagram
www.zeiss.com,error,Facebook
www.zeiss.com,error,Twitter
www.zeiss.com,error,Tiktok
www.zeiss.com,error,Youtube
www.zeiss.com,error,Github
www.zeiss.com,error,Medium
www.factsnotfearict.com,error,Email
www.factsnotfearict.com,error,Instagram
www.factsnotfearict.com,error,Facebook
www.factsnotfearict.com,error,Twitter
www.factsnotfearict.com,error,Tiktok
www.factsnotfearict.com,error,Youtube
www.factsnotfearict.com,error,Github
www.factsnotfearict.com,error,Medium
www.centene.com,error,Email
www.centene.com,error,Instagram
www.centene.com,error,Facebook
www.centene.com,error,Twitter
www.centene.com,error,Tiktok
www.centene.com,error,Youtube
www.centene.com,error,Github
www.centene.com,error,Medium
www.finnair.com,error,Email
www.finnair.com,error,Instagram
www.finnair.com,error,Facebook
www.finnair.com,error,Twitter
www.finnair.com,error,Tiktok
www.finnair.com,error,Youtube
www.finnair.com,error,Github
www.finnair.com,error,Medium
faq.seedandspark.com,error,Email
faq.seedandspark.com,error,Instagram
faq.seedandspark.com,error,Facebook
faq.seedandspark.com,error,Twitter
faq.seedandspark.com,error,Tiktok
faq.seedandspark.com,error,Youtube
faq.seedandspark.com,error,Github
faq.seedandspark.com,error,Medium
www.guardianglass.com,error,Email
www.guardianglass.com,error,Instagram
www.guardianglass.com,error,Facebook
www.guardianglass.com,error,Twitter
www.guardianglass.com,error,Tiktok
www.guardianglass.com,error,Youtube
www.guardianglass.com,error,Github
www.guardianglass.com,error,Medium
www.lumen.com,error,Email
www.lumen.com,error,Instagram
www.lumen.com,error,Facebook
www.lumen.com,error,Twitter
www.lumen.com,error,Tiktok
www.lumen.com,error,Youtube
www.lumen.com,error,Github
www.lumen.com,error,Medium
help.dialpad.com,error,Email
help.dialpad.com,error,Instagram
help.dialpad.com,error,Facebook
help.dialpad.com,error,Twitter
help.dialpad.com,error,Tiktok
help.dialpad.com,error,Youtube
help.dialpad.com,error,Github
help.dialpad.com,error,Medium
cbna.com,error,Email
cbna.com,error,Instagram
cbna.com,error,Facebook
cbna.com,error,Twitter
cbna.com,error,Tiktok
cbna.com,error,Youtube
cbna.com,error,Github
cbna.com,error,Medium
www.factsnotfearict.com,error,Email
www.factsnotfearict.com,error,Instagram
www.factsnotfearict.com,error,Facebook
www.factsnotfearict.com,error,Twitter
www.factsnotfearict.com,error,Tiktok
www.factsnotfearict.com,error,Youtube
www.factsnotfearict.com,error,Github
www.factsnotfearict.com,error,Medium
support.zoom.com,error,Email
support.zoom.com,error,Instagram
support.zoom.com,error,Facebook
support.zoom.com,error,Twitter
support.zoom.com,error,Tiktok
support.zoom.com,error,Youtube
support.zoom.com,error,Github
support.zoom.com,error,Medium
cob.ocgov.com,error,Email
cob.ocgov.com,error,Instagram
cob.ocgov.com,error,Facebook
cob.ocgov.com,error,Twitter
cob.ocgov.com,error,Tiktok
cob.ocgov.com,error,Youtube
cob.ocgov.com,error,Github
cob.ocgov.com,error,Medium
www.dyson.com,error,Email
www.dyson.com,error,Instagram
www.dyson.com,error,Facebook
www.dyson.com,error,Twitter
www.dyson.com,error,Tiktok
www.dyson.com,error,Youtube
www.dyson.com,error,Github
www.dyson.com,error,Medium
www.tampaairport.com,error,Email
www.tampaairport.com,error,Instagram
www.tampaairport.com,error,Facebook
www.tampaairport.com,error,Twitter
www.tampaairport.com,error,Tiktok
www.tampaairport.com,error,Youtube
www.tampaairport.com,error,Github
www.tampaairport.com,error,Medium
iqconnect.lmhostediq.com,error,Email
iqconnect.lmhostediq.com,error,Instagram
iqconnect.lmhostediq.com,error,Facebook
iqconnect.lmhostediq.com,error,Twitter
iqconnect.lmhostediq.com,error,Tiktok
iqconnect.lmhostediq.com,error,Youtube
iqconnect.lmhostediq.com,error,Github
iqconnect.lmhostediq.com,error,Medium
www.pearsonassessments.com,error,Email
www.pearsonassessments.com,error,Instagram
www.pearsonassessments.com,error,Facebook
www.pearsonassessments.com,error,Twitter
www.pearsonassessments.com,error,Tiktok
www.pearsonassessments.com,error,Youtube
www.pearsonassessments.com,error,Github
www.pearsonassessments.com,error,Medium
kuenergy.com,error,Email
kuenergy.com,error,Instagram
kuenergy.com,error,Facebook
kuenergy.com,error,Twitter
kuenergy.com,error,Tiktok
kuenergy.com,error,Youtube
kuenergy.com,error,Github
kuenergy.com,error,Medium
www.americasbest.com,error,Email
www.americasbest.com,error,Instagram
www.americasbest.com,error,Facebook
www.americasbest.com,error,Twitter
www.americasbest.com,error,Tiktok
www.americasbest.com,error,Youtube
www.americasbest.com,error,Github
www.americasbest.com,error,Medium
www.myfloridalegal.com,error,Email
www.myfloridalegal.com,error,Instagram
www.myfloridalegal.com,error,Facebook
www.myfloridalegal.com,error,Twitter
www.myfloridalegal.com,error,Tiktok
www.myfloridalegal.com,error,Youtube
www.myfloridalegal.com,error,Github
www.myfloridalegal.com,error,Medium
thinkhealthla.com,error,Email
thinkhealthla.com,error,Instagram
thinkhealthla.com,error,Facebook
thinkhealthla.com,error,Twitter
thinkhealthla.com,error,Tiktok
thinkhealthla.com,error,Youtube
thinkhealthla.com,error,Github
thinkhealthla.com,error,Medium
blog.insycle.com,error,Email
blog.insycle.com,error,Instagram
blog.insycle.com,error,Facebook
blog.insycle.com,error,Twitter
blog.insycle.com,error,Tiktok
blog.insycle.com,error,Youtube
blog.insycle.com,error,Github
blog.insycle.com,error,Medium
support.mindbodyonline.com,error,Email
support.mindbodyonline.com,error,Instagram
support.mindbodyonline.com,error,Facebook
support.mindbodyonline.com,error,Twitter
support.mindbodyonline.com,error,Tiktok
support.mindbodyonline.com,error,Youtube
support.mindbodyonline.com,error,Github
support.mindbodyonline.com,error,Medium
www.dell.com,error,Email
www.dell.com,error,Instagram
www.dell.com,error,Facebook
www.dell.com,error,Twitter
www.dell.com,error,Tiktok
www.dell.com,error,Youtube
www.dell.com,error,Github
www.dell.com,error,Medium
www.creditacceptance.com,error,Email
www.creditacceptance.com,error,Instagram
www.creditacceptance.com,error,Facebook
www.creditacceptance.com,error,Twitter
www.creditacceptance.com,error,Tiktok
www.creditacceptance.com,error,Youtube
www.creditacceptance.com,error,Github
www.creditacceptance.com,error,Medium
www.manageengine.com,error,Email
www.manageengine.com,error,Instagram
www.manageengine.com,error,Facebook
www.manageengine.com,error,Twitter
www.manageengine.com,error,Tiktok
www.manageengine.com,error,Youtube
www.manageengine.com,error,Github
www.manageengine.com,error,Medium
aws.amazon.com,error,Email
aws.amazon.com,error,Instagram
aws.amazon.com,error,Facebook
aws.amazon.com,error,Twitter
aws.amazon.com,error,Tiktok
aws.amazon.com,error,Youtube
aws.amazon.com,error,Github
aws.amazon.com,error,Medium
www.olivia.com,error,Email
www.olivia.com,error,Instagram
www.olivia.com,error,Facebook
www.olivia.com,error,Twitter
www.olivia.com,error,Tiktok
www.olivia.com,error,Youtube
www.olivia.com,error,Github
www.olivia.com,error,Medium
aqua-bassoon-f9cm.squarespace.com,error,Email
aqua-bassoon-f9cm.squarespace.com,error,Instagram
aqua-bassoon-f9cm.squarespace.com,error,Facebook
aqua-bassoon-f9cm.squarespace.com,error,Twitter
aqua-bassoon-f9cm.squarespace.com,error,Tiktok
aqua-bassoon-f9cm.squarespace.com,error,Youtube
aqua-bassoon-f9cm.squarespace.com,error,Github
aqua-bassoon-f9cm.squarespace.com,error,Medium
www.hillandalefarms.com,error,Email
www.hillandalefarms.com,error,Instagram
www.hillandalefarms.com,error,Facebook
www.hillandalefarms.com,error,Twitter
www.hillandalefarms.com,error,Tiktok
www.hillandalefarms.com,error,Youtube
www.hillandalefarms.com,error,Github
www.hillandalefarms.com,error,Medium
www.home-connect.com,error,Email
www.home-connect.com,error,Instagram
www.home-connect.com,error,Facebook
www.home-connect.com,error,Twitter
www.home-connect.com,error,Tiktok
www.home-connect.com,error,Youtube
www.home-connect.com,error,Github
www.home-connect.com,error,Medium
clarivate.com,error,Email
clarivate.com,error,Instagram
clarivate.com,error,Facebook
clarivate.com,error,Twitter
clarivate.com,error,Tiktok
clarivate.com,error,Youtube
clarivate.com,error,Github
clarivate.com,error,Medium
group.springernature.com,error,Email
group.springernature.com,error,Instagram
group.springernature.com,error,Facebook
group.springernature.com,error,Twitter
group.springernature.com,error,Tiktok
group.springernature.com,error,Youtube
group.springernature.com,error,Github
group.springernature.com,error,Medium
www.techtarget.com,error,Email
www.techtarget.com,error,Instagram
www.techtarget.com,error,Facebook
www.techtarget.com,error,Twitter
www.techtarget.com,error,Tiktok
www.techtarget.com,error,Youtube
www.techtarget.com,error,Github
www.techtarget.com,error,Medium
knowledgebase.constantcontact.com,error,Email
knowledgebase.constantcontact.com,error,Instagram
knowledgebase.constantcontact.com,error,Facebook
knowledgebase.constantcontact.com,error,Twitter
knowledgebase.constantcontact.com,error,Tiktok
knowledgebase.constantcontact.com,error,Youtube
knowledgebase.constantcontact.com,error,Github
knowledgebase.constantcontact.com,error,Medium
www.bankofoklahoma.com,error,Email
www.bankofoklahoma.com,error,Instagram
www.bankofoklahoma.com,error,Facebook
www.bankofoklahoma.com,error,Twitter
www.bankofoklahoma.com,error,Tiktok
www.bankofoklahoma.com,error,Youtube
www.bankofoklahoma.com,error,Github
www.bankofoklahoma.com,error,Medium
www.cargill.com,error,Email
www.cargill.com,error,Instagram
www.cargill.com,error,Facebook
www.cargill.com,error,Twitter
www.cargill.com,error,Tiktok
www.cargill.com,error,Youtube
www.cargill.com,error,Github
www.cargill.com,error,Medium
www.cityofpsl.com,error,Email
www.cityofpsl.com,error,Instagram
www.cityofpsl.com,error,Facebook
www.cityofpsl.com,error,Twitter
www.cityofpsl.com,error,Tiktok
www.cityofpsl.com,error,Youtube
www.cityofpsl.com,error,Github
www.cityofpsl.com,error,Medium
www.castellum.com,error,Email
www.castellum.com,error,Instagram
www.castellum.com,error,Facebook
www.castellum.com,error,Twitter
www.castellum.com,error,Tiktok
www.castellum.com,error,Youtube
www.castellum.com,error,Github
www.castellum.com,error,Medium
www.geico.com,error,Email
www.geico.com,error,Instagram
www.geico.com,error,Facebook
www.geico.com,error,Twitter
www.geico.com,error,Tiktok
www.geico.com,error,Youtube
www.geico.com,error,Github
www.geico.com,error,Medium
www.accesseye.com,error,Email
www.accesseye.com,error,Instagram
www.accesseye.com,error,Facebook
www.accesseye.com,error,Twitter
www.accesseye.com,error,Tiktok
www.accesseye.com,error,Youtube
www.accesseye.com,error,Github
www.accesseye.com,error,Medium
support.chesskid.com,error,Email
support.chesskid.com,error,Instagram
support.chesskid.com,error,Facebook
support.chesskid.com,error,Twitter
support.chesskid.com,error,Tiktok
support.chesskid.com,error,Youtube
support.chesskid.com,error,Github
support.chesskid.com,error,Medium
pattersonsupport.custhelp.com,error,Email
pattersonsupport.custhelp.com,error,Instagram
pattersonsupport.custhelp.com,error,Facebook
pattersonsupport.custhelp.com,error,Twitter
pattersonsupport.custhelp.com,error,Tiktok
pattersonsupport.custhelp.com,error,Youtube
pattersonsupport.custhelp.com,error,Github
pattersonsupport.custhelp.com,error,Medium
help.oportun.com,error,Email
help.oportun.com,error,Instagram
help.oportun.com,error,Facebook
help.oportun.com,error,Twitter
help.oportun.com,error,Tiktok
help.oportun.com,error,Youtube
help.oportun.com,error,Github
help.oportun.com,error,Medium
www.neutrik.com,error,Email
www.neutrik.com,error,Instagram
www.neutrik.com,error,Facebook
www.neutrik.com,error,Twitter
www.neutrik.com,error,Tiktok
www.neutrik.com,error,Youtube
www.neutrik.com,error,Github
www.neutrik.com,error,Medium
www.cafebluetx.com,error,Email
www.cafebluetx.com,error,Instagram
www.cafebluetx.com,error,Facebook
www.cafebluetx.com,error,Twitter
www.cafebluetx.com,error,Tiktok
www.cafebluetx.com,error,Youtube
www.cafebluetx.com,error,Github
www.cafebluetx.com,error,Medium
www.stagecoachbus.com,error,Email
www.stagecoachbus.com,error,Instagram
www.stagecoachbus.com,error,Facebook
www.stagecoachbus.com,error,Twitter
www.stagecoachbus.com,error,Tiktok
www.stagecoachbus.com,error,Youtube
www.stagecoachbus.com,error,Github
www.stagecoachbus.com,error,Medium
www.rakwireless.com,error,Email
www.rakwireless.com,error,Instagram
www.rakwireless.com,error,Facebook
www.rakwireless.com,error,Twitter
www.rakwireless.com,error,Tiktok
www.rakwireless.com,error,Youtube
www.rakwireless.com,error,Github
www.rakwireless.com,error,Medium
www.cisco.com,error,Email
www.cisco.com,error,Instagram
www.cisco.com,error,Facebook
www.cisco.com,error,Twitter
www.cisco.com,error,Tiktok
www.cisco.com,error,Youtube
www.cisco.com,error,Github
www.cisco.com,error,Medium
www.wiesenthal.com,error,Email
www.wiesenthal.com,error,Instagram
www.wiesenthal.com,error,Facebook
www.wiesenthal.com,error,Twitter
www.wiesenthal.com,error,Tiktok
www.wiesenthal.com,error,Youtube
www.wiesenthal.com,error,Github
www.wiesenthal.com,error,Medium
help.winespectator.com,error,Email
help.winespectator.com,error,Instagram
help.winespectator.com,error,Facebook
help.winespectator.com,error,Twitter
help.winespectator.com,error,Tiktok
help.winespectator.com,error,Youtube
help.winespectator.com,error,Github
help.winespectator.com,error,Medium
jasem.chiachoob.com,error,Email
jasem.chiachoob.com,error,Instagram
jasem.chiachoob.com,error,Facebook
jasem.chiachoob.com,error,Twitter
jasem.chiachoob.com,error,Tiktok
jasem.chiachoob.com,error,Youtube
jasem.chiachoob.com,error,Github
jasem.chiachoob.com,error,Medium
us.vwr.com,error,Email
us.vwr.com,error,Instagram
us.vwr.com,error,Facebook
us.vwr.com,error,Twitter
us.vwr.com,error,Tiktok
us.vwr.com,error,Youtube
us.vwr.com,error,Github
us.vwr.com,error,Medium
www.arcadis.com,error,Email
www.arcadis.com,error,Instagram
www.arcadis.com,error,Facebook
www.arcadis.com,error,Twitter
www.arcadis.com,error,Tiktok
www.arcadis.com,error,Youtube
www.arcadis.com,error,Github
www.arcadis.com,error,Medium
www.regencysupply.com,error,Email
www.regencysupply.com,error,Instagram
www.regencysupply.com,error,Facebook
www.regencysupply.com,error,Twitter
www.regencysupply.com,error,Tiktok
www.regencysupply.com,error,Youtube
www.regencysupply.com,error,Github
www.regencysupply.com,error,Medium
vitu.com,error,Email
vitu.com,error,Instagram
vitu.com,error,Facebook
vitu.com,error,Twitter
vitu.com,error,Tiktok
vitu.com,error,Youtube
vitu.com,error,Github
vitu.com,error,Medium
www.blurb.com,error,Email
www.blurb.com,error,Instagram
www.blurb.com,error,Facebook
www.blurb.com,error,Twitter
www.blurb.com,error,Tiktok
www.blurb.com,error,Youtube
www.blurb.com,error,Github
www.blurb.com,error,Medium
cullmanec.com,error,Email
cullmanec.com,error,Instagram
cullmanec.com,error,Facebook
cullmanec.com,error,Twitter
cullmanec.com,error,Tiktok
cullmanec.com,error,Youtube
cullmanec.com,error,Github
cullmanec.com,error,Medium
www.amtrak.com,error,Email
www.amtrak.com,error,Instagram
www.amtrak.com,error,Facebook
www.amtrak.com,error,Twitter
www.amtrak.com,error,Tiktok
www.amtrak.com,error,Youtube
www.amtrak.com,error,Github
www.amtrak.com,error,Medium
invictastores.com,error,Email
invictastores.com,error,Instagram
invictastores.com,error,Facebook
invictastores.com,error,Twitter
invictastores.com,error,Tiktok
invictastores.com,error,Youtube
invictastores.com,error,Github
invictastores.com,error,Medium
support.microsoft.com,error,Email
support.microsoft.com,error,Instagram
support.microsoft.com,error,Facebook
support.microsoft.com,error,Twitter
support.microsoft.com,error,Tiktok
support.microsoft.com,error,Youtube
support.microsoft.com,error,Github
support.microsoft.com,error,Medium
www.photoshopessentials.com,error,Email
www.photoshopessentials.com,error,Instagram
www.photoshopessentials.com,error,Facebook
www.photoshopessentials.com,error,Twitter
www.photoshopessentials.com,error,Tiktok
www.photoshopessentials.com,error,Youtube
www.photoshopessentials.com,error,Github
www.photoshopessentials.com,error,Medium
help.webex.com,error,Email
help.webex.com,error,Instagram
help.webex.com,error,Facebook
help.webex.com,error,Twitter
help.webex.com,error,Tiktok
help.webex.com,error,Youtube
help.webex.com,error,Github
help.webex.com,error,Medium
www.autodesk.com,error,Email
www.autodesk.com,error,Instagram
www.autodesk.com,error,Facebook
www.autodesk.com,error,Twitter
www.autodesk.com,error,Tiktok
www.autodesk.com,error,Youtube
www.autodesk.com,error,Github
www.autodesk.com,error,Medium
starlinerdiner.com,error,Email
starlinerdiner.com,error,Instagram
starlinerdiner.com,error,Facebook
starlinerdiner.com,error,Twitter
starlinerdiner.com,error,Tiktok
starlinerdiner.com,error,Youtube
starlinerdiner.com,error,Github
starlinerdiner.com,error,Medium
www.usap.com,error,Email
www.usap.com,error,Instagram
www.usap.com,error,Facebook
www.usap.com,error,Twitter
www.usap.com,error,Tiktok
www.usap.com,error,Youtube
www.usap.com,error,Github
www.usap.com,error,Medium
www.thesinfulkitchen.com,error,Email
www.thesinfulkitchen.com,error,Instagram
www.thesinfulkitchen.com,error,Facebook
www.thesinfulkitchen.com,error,Twitter
www.thesinfulkitchen.com,error,Tiktok
www.thesinfulkitchen.com,error,Youtube
www.thesinfulkitchen.com,error,Github
www.thesinfulkitchen.com,error,Medium
www.hso.com,error,Email
www.hso.com,error,Instagram
www.hso.com,error,Facebook
www.hso.com,error,Twitter
www.hso.com,error,Tiktok
www.hso.com,error,Youtube
www.hso.com,error,Github
www.hso.com,error,Medium
www.exeloncorp.com,error,Email
www.exeloncorp.com,error,Instagram
www.exeloncorp.com,error,Facebook
www.exeloncorp.com,error,Twitter
www.exeloncorp.com,error,Tiktok
www.exeloncorp.com,error,Youtube
www.exeloncorp.com,error,Github
www.exeloncorp.com,error,Medium
support.kraken.com,error,Email
support.kraken.com,error,Instagram
support.kraken.com,error,Facebook
support.kraken.com,error,Twitter
support.kraken.com,error,Tiktok
support.kraken.com,error,Youtube
support.kraken.com,error,Github
support.kraken.com,error,Medium
wowwee.com,error,Email
wowwee.com,error,Instagram
wowwee.com,error,Facebook
wowwee.com,error,Twitter
wowwee.com,error,Tiktok
wowwee.com,error,Youtube
wowwee.com,error,Github
wowwee.com,error,Medium
www.shafter.com,error,Email
www.shafter.com,error,Instagram
www.shafter.com,error,Facebook
www.shafter.com,error,Twitter
www.shafter.com,error,Tiktok
www.shafter.com,error,Youtube
www.shafter.com,error,Github
www.shafter.com,error,Medium
www.nahealth.com,error,Email
www.nahealth.com,error,Instagram
www.nahealth.com,error,Facebook
www.nahealth.com,error,Twitter
www.nahealth.com,error,Tiktok
www.nahealth.com,error,Youtube
www.nahealth.com,error,Github
www.nahealth.com,error,Medium
www.goaheadtours.com,error,Email
www.goaheadtours.com,error,Instagram
www.goaheadtours.com,error,Facebook
www.goaheadtours.com,error,Twitter
www.goaheadtours.com,error,Tiktok
www.goaheadtours.com,error,Youtube
www.goaheadtours.com,error,Github
www.goaheadtours.com,error,Medium
support.microsoft.com,error,Email
support.microsoft.com,error,Instagram
support.microsoft.com,error,Facebook
support.microsoft.com,error,Twitter
support.microsoft.com,error,Tiktok
support.microsoft.com,error,Youtube
support.microsoft.com,error,Github
support.microsoft.com,error,Medium
rld-cf.rtscustomer.com,error,Email
rld-cf.rtscustomer.com,error,Instagram
rld-cf.rtscustomer.com,error,Facebook
rld-cf.rtscustomer.com,error,Twitter
rld-cf.rtscustomer.com,error,Tiktok
rld-cf.rtscustomer.com,error,Youtube
rld-cf.rtscustomer.com,error,Github
rld-cf.rtscustomer.com,error,Medium
www.salesforce.com,error,Email
www.salesforce.com,error,Instagram
www.salesforce.com,error,Facebook
www.salesforce.com,error,Twitter
www.salesforce.com,error,Tiktok
www.salesforce.com,error,Youtube
www.salesforce.com,error,Github
www.salesforce.com,error,Medium
support.microsoft.com,error,Email
support.microsoft.com,error,Instagram
support.microsoft.com,error,Facebook
support.microsoft.com,error,Twitter
support.microsoft.com,error,Tiktok
support.microsoft.com,error,Youtube
support.microsoft.com,error,Github
support.microsoft.com,error,Medium
vcu-public.courseleaf.com,error,Email
vcu-public.courseleaf.com,error,Instagram
vcu-public.courseleaf.com,error,Facebook
vcu-public.courseleaf.com,error,Twitter
vcu-public.courseleaf.com,error,Tiktok
vcu-public.courseleaf.com,error,Youtube
vcu-public.courseleaf.com,error,Github
vcu-public.courseleaf.com,error,Medium
www.surveymonkey.com,error,Email
www.surveymonkey.com,error,Instagram
www.surveymonkey.com,error,Facebook
www.surveymonkey.com,error,Twitter
www.surveymonkey.com,error,Tiktok
www.surveymonkey.com,error,Youtube
www.surveymonkey.com,error,Github
www.surveymonkey.com,error,Medium
www.centralbank.com,error,Email
www.centralbank.com,error,Instagram
www.centralbank.com,error,Facebook
www.centralbank.com,error,Twitter
www.centralbank.com,error,Tiktok
www.centralbank.com,error,Youtube
www.centralbank.com,error,Github
www.centralbank.com,error,Medium
www.irideon.com,error,Email
www.irideon.com,error,Instagram
www.irideon.com,error,Facebook
www.irideon.com,error,Twitter
www.irideon.com,error,Tiktok
www.irideon.com,error,Youtube
www.irideon.com,error,Github
www.irideon.com,error,Medium
www.millerwelds.com,error,Email
www.millerwelds.com,error,Instagram
www.millerwelds.com,error,Facebook
www.millerwelds.com,error,Twitter
www.millerwelds.com,error,Tiktok
www.millerwelds.com,error,Youtube
www.millerwelds.com,error,Github
www.millerwelds.com,error,Medium
sensi.copeland.com,error,Email
sensi.copeland.com,error,Instagram
sensi.copeland.com,error,Facebook
sensi.copeland.com,error,Twitter
sensi.copeland.com,error,Tiktok
sensi.copeland.com,error,Youtube
sensi.copeland.com,error,Github
sensi.copeland.com,error,Medium
insighteyeok.com,error,Email
insighteyeok.com,error,Instagram
insighteyeok.com,error,Facebook
insighteyeok.com,error,Twitter
insighteyeok.com,error,Tiktok
insighteyeok.com,error,Youtube
insighteyeok.com,error,Github
insighteyeok.com,error,Medium
www.mariettaeye.com,error,Email
www.mariettaeye.com,error,Instagram
www.mariettaeye.com,error,Facebook
www.mariettaeye.com,error,Twitter
www.mariettaeye.com,error,Tiktok
www.mariettaeye.com,error,Youtube
www.mariettaeye.com,error,Github
www.mariettaeye.com,error,Medium
www.zendesk.com,error,Email
www.zendesk.com,error,Instagram
www.zendesk.com,error,Facebook
www.zendesk.com,error,Twitter
www.zendesk.com,error,Tiktok
www.zendesk.com,error,Youtube
www.zendesk.com,error,Github
www.zendesk.com,error,Medium
account.groupeseb.com,error,Email
account.groupeseb.com,error,Instagram
account.groupeseb.com,error,Facebook
account.groupeseb.com,error,Twitter
account.groupeseb.com,error,Tiktok
account.groupeseb.com,error,Youtube
account.groupeseb.com,error,Github
account.groupeseb.com,error,Medium
www.riggsbeer.com,error,Email
www.riggsbeer.com,error,Instagram
www.riggsbeer.com,error,Facebook
www.riggsbeer.com,error,Twitter
www.riggsbeer.com,error,Tiktok
www.riggsbeer.com,error,Youtube
www.riggsbeer.com,error,Github
www.riggsbeer.com,error,Medium
