adam.ai,error,Email
adam.ai,error,Instagram
adam.ai,error,Facebook
adam.ai,error,Twitter
adam.ai,error,Tiktok
adam.ai,error,Youtube
adam.ai,error,Github
adam.ai,error,Medium
sonio.ai,error,Email
sonio.ai,error,Instagram
sonio.ai,error,Facebook
sonio.ai,error,Twitter
sonio.ai,error,Tiktok
sonio.ai,error,Youtube
sonio.ai,error,Github
sonio.ai,error,Medium
omq.ai,error,Email
omq.ai,error,Instagram
omq.ai,error,Facebook
omq.ai,error,Twitter
omq.ai,error,Tiktok
omq.ai,error,Youtube
omq.ai,error,Github
omq.ai,error,Medium
xrush.ai,error,Email
xrush.ai,error,Instagram
xrush.ai,error,Facebook
xrush.ai,error,Twitter
xrush.ai,error,Tiktok
xrush.ai,error,Youtube
xrush.ai,error,Github
xrush.ai,error,Medium
www.deciphr.ai,error,Email
www.deciphr.ai,error,Instagram
www.deciphr.ai,error,Facebook
www.deciphr.ai,error,Twitter
www.deciphr.ai,error,Tiktok
www.deciphr.ai,error,Youtube
www.deciphr.ai,error,Github
www.deciphr.ai,error,Medium
www.dimensions.ai,error,Email
www.dimensions.ai,error,Instagram
www.dimensions.ai,error,Facebook
www.dimensions.ai,error,Twitter
www.dimensions.ai,error,Tiktok
www.dimensions.ai,error,Youtube
www.dimensions.ai,error,Github
www.dimensions.ai,error,Medium
customers.ai,error,Email
customers.ai,error,Instagram
customers.ai,error,Facebook
customers.ai,error,Twitter
customers.ai,error,Tiktok
customers.ai,error,Youtube
customers.ai,error,Github
customers.ai,error,Medium
www.obviously.ai,error,Email
www.obviously.ai,error,Instagram
www.obviously.ai,error,Facebook
www.obviously.ai,error,Twitter
www.obviously.ai,error,Tiktok
www.obviously.ai,error,Youtube
www.obviously.ai,error,Github
www.obviously.ai,error,Medium
help.moises.ai,error,Email
help.moises.ai,error,Instagram
help.moises.ai,error,Facebook
help.moises.ai,error,Twitter
help.moises.ai,error,Tiktok
help.moises.ai,error,Youtube
help.moises.ai,error,Github
help.moises.ai,error,Medium
help.moises.ai,error,Email
help.moises.ai,error,Instagram
help.moises.ai,error,Facebook
help.moises.ai,error,Twitter
help.moises.ai,error,Tiktok
help.moises.ai,error,Youtube
help.moises.ai,error,Github
help.moises.ai,error,Medium
www.observe.ai,error,Email
www.observe.ai,error,Instagram
www.observe.ai,error,Facebook
www.observe.ai,error,Twitter
www.observe.ai,error,Tiktok
www.observe.ai,error,Youtube
www.observe.ai,error,Github
www.observe.ai,error,Medium
www.riskzero.ai,error,Email
www.riskzero.ai,error,Instagram
www.riskzero.ai,error,Facebook
www.riskzero.ai,error,Twitter
www.riskzero.ai,error,Tiktok
www.riskzero.ai,error,Youtube
www.riskzero.ai,error,Github
www.riskzero.ai,error,Medium
www.trender.ai,error,Email
www.trender.ai,error,Instagram
www.trender.ai,error,Facebook
www.trender.ai,error,Twitter
www.trender.ai,error,Tiktok
www.trender.ai,error,Youtube
www.trender.ai,error,Github
www.trender.ai,error,Medium
www.avenoir.ai,error,Email
www.avenoir.ai,error,Instagram
www.avenoir.ai,error,Facebook
www.avenoir.ai,error,Twitter
www.avenoir.ai,error,Tiktok
www.avenoir.ai,error,Youtube
www.avenoir.ai,error,Github
www.avenoir.ai,error,Medium
www.commerce.ai,error,Email
www.commerce.ai,error,Instagram
www.commerce.ai,error,Facebook
www.commerce.ai,error,Twitter
www.commerce.ai,error,Tiktok
www.commerce.ai,error,Youtube
www.commerce.ai,error,Github
www.commerce.ai,error,Medium
docs.naas.ai,error,Email
docs.naas.ai,error,Instagram
docs.naas.ai,error,Facebook
docs.naas.ai,error,Twitter
docs.naas.ai,error,Tiktok
docs.naas.ai,error,Youtube
docs.naas.ai,error,Github
docs.naas.ai,error,Medium
www.twosense.ai,error,Email
www.twosense.ai,error,Instagram
www.twosense.ai,error,Facebook
www.twosense.ai,error,Twitter
www.twosense.ai,error,Tiktok
www.twosense.ai,error,Youtube
www.twosense.ai,error,Github
www.twosense.ai,error,Medium
engineerable.ai,error,Email
engineerable.ai,error,Instagram
engineerable.ai,error,Facebook
engineerable.ai,error,Twitter
engineerable.ai,error,Tiktok
engineerable.ai,error,Youtube
engineerable.ai,error,Github
engineerable.ai,error,Medium
thelevel.ai,error,Email
thelevel.ai,error,Instagram
thelevel.ai,error,Facebook
thelevel.ai,error,Twitter
thelevel.ai,error,Tiktok
thelevel.ai,error,Youtube
thelevel.ai,error,Github
thelevel.ai,error,Medium
www.herohunt.ai,error,Email
www.herohunt.ai,error,Instagram
www.herohunt.ai,error,Facebook
www.herohunt.ai,error,Twitter
www.herohunt.ai,error,Tiktok
www.herohunt.ai,error,Youtube
www.herohunt.ai,error,Github
www.herohunt.ai,error,Medium
www.startuphub.ai,error,Email
www.startuphub.ai,error,Instagram
www.startuphub.ai,error,Facebook
www.startuphub.ai,error,Twitter
www.startuphub.ai,error,Tiktok
www.startuphub.ai,error,Youtube
www.startuphub.ai,error,Github
www.startuphub.ai,error,Medium
www.simplr.ai,error,Email
www.simplr.ai,error,Instagram
www.simplr.ai,error,Facebook
www.simplr.ai,error,Twitter
www.simplr.ai,error,Tiktok
www.simplr.ai,error,Youtube
www.simplr.ai,error,Github
www.simplr.ai,error,Medium
www.halcyon.ai,error,Email
www.halcyon.ai,error,Instagram
www.halcyon.ai,error,Facebook
www.halcyon.ai,error,Twitter
www.halcyon.ai,error,Tiktok
www.halcyon.ai,error,Youtube
www.halcyon.ai,error,Github
www.halcyon.ai,error,Medium
www.balto.ai,error,Email
www.balto.ai,error,Instagram
www.balto.ai,error,Facebook
www.balto.ai,error,Twitter
www.balto.ai,error,Tiktok
www.balto.ai,error,Youtube
www.balto.ai,error,Github
www.balto.ai,error,Medium
forums.fast.ai,error,Email
forums.fast.ai,error,Instagram
forums.fast.ai,error,Facebook
forums.fast.ai,error,Twitter
forums.fast.ai,error,Tiktok
forums.fast.ai,error,Youtube
forums.fast.ai,error,Github
forums.fast.ai,error,Medium
poly.ai,error,Email
poly.ai,error,Instagram
poly.ai,error,Facebook
poly.ai,error,Twitter
poly.ai,error,Tiktok
poly.ai,error,Youtube
poly.ai,error,Github
poly.ai,error,Medium
www.vier.ai,error,Email
www.vier.ai,error,Instagram
www.vier.ai,error,Facebook
www.vier.ai,error,Twitter
www.vier.ai,error,Tiktok
www.vier.ai,error,Youtube
www.vier.ai,error,Github
www.vier.ai,error,Medium
thelevel.ai,error,Email
thelevel.ai,error,Instagram
thelevel.ai,error,Facebook
thelevel.ai,error,Twitter
thelevel.ai,error,Tiktok
thelevel.ai,error,Youtube
thelevel.ai,error,Github
thelevel.ai,error,Medium
support.gazelle.ai,error,Email
support.gazelle.ai,error,Instagram
support.gazelle.ai,error,Facebook
support.gazelle.ai,error,Twitter
support.gazelle.ai,error,Tiktok
support.gazelle.ai,error,Youtube
support.gazelle.ai,error,Github
support.gazelle.ai,error,Medium
bionic.ai,error,Email
bionic.ai,error,Instagram
bionic.ai,error,Facebook
bionic.ai,error,Twitter
bionic.ai,error,Tiktok
bionic.ai,error,Youtube
bionic.ai,error,Github
bionic.ai,error,Medium
smartaction.ai,error,Email
smartaction.ai,error,Instagram
smartaction.ai,error,Facebook
smartaction.ai,error,Twitter
smartaction.ai,error,Tiktok
smartaction.ai,error,Youtube
smartaction.ai,error,Github
smartaction.ai,error,Medium
birch.ai,error,Email
birch.ai,error,Instagram
birch.ai,error,Facebook
birch.ai,error,Twitter
birch.ai,error,Tiktok
birch.ai,error,Youtube
birch.ai,error,Github
birch.ai,error,Medium
app.hubcart.ai,error,Email
app.hubcart.ai,error,Instagram
app.hubcart.ai,error,Facebook
app.hubcart.ai,error,Twitter
app.hubcart.ai,error,Tiktok
app.hubcart.ai,error,Youtube
app.hubcart.ai,error,Github
app.hubcart.ai,error,Medium
www.mattmann.ai,error,Email
www.mattmann.ai,error,Instagram
www.mattmann.ai,error,Facebook
www.mattmann.ai,error,Twitter
www.mattmann.ai,error,Tiktok
www.mattmann.ai,error,Youtube
www.mattmann.ai,error,Github
www.mattmann.ai,error,Medium
www.teneo.ai,error,Email
www.teneo.ai,error,Instagram
www.teneo.ai,error,Facebook
www.teneo.ai,error,Twitter
www.teneo.ai,error,Tiktok
www.teneo.ai,error,Youtube
www.teneo.ai,error,Github
www.teneo.ai,error,Medium
www.gyde.ai,error,Email
www.gyde.ai,error,Instagram
www.gyde.ai,error,Facebook
www.gyde.ai,error,Twitter
www.gyde.ai,error,Tiktok
www.gyde.ai,error,Youtube
www.gyde.ai,error,Github
www.gyde.ai,error,Medium
boost.ai,error,Email
boost.ai,error,Instagram
boost.ai,error,Facebook
boost.ai,error,Twitter
boost.ai,error,Tiktok
boost.ai,error,Youtube
boost.ai,error,Github
boost.ai,error,Medium
intelepeer.ai,error,Email
intelepeer.ai,error,Instagram
intelepeer.ai,error,Facebook
intelepeer.ai,error,Twitter
intelepeer.ai,error,Tiktok
intelepeer.ai,error,Youtube
intelepeer.ai,error,Github
intelepeer.ai,error,Medium
webscraping.ai,error,Email
webscraping.ai,error,Instagram
webscraping.ai,error,Facebook
webscraping.ai,error,Twitter
webscraping.ai,error,Tiktok
webscraping.ai,error,Youtube
webscraping.ai,error,Github
webscraping.ai,error,Medium
evolv.ai,error,Email
evolv.ai,error,Instagram
evolv.ai,error,Facebook
evolv.ai,error,Twitter
evolv.ai,error,Tiktok
evolv.ai,error,Youtube
evolv.ai,error,Github
evolv.ai,error,Medium
kore.ai,error,Email
kore.ai,error,Instagram
kore.ai,error,Facebook
kore.ai,error,Twitter
kore.ai,error,Tiktok
kore.ai,error,Youtube
kore.ai,error,Github
kore.ai,error,Medium
www.autogo.ai,error,Email
www.autogo.ai,error,Instagram
www.autogo.ai,error,Facebook
www.autogo.ai,error,Twitter
www.autogo.ai,error,Tiktok
www.autogo.ai,error,Youtube
www.autogo.ai,error,Github
www.autogo.ai,error,Medium
www.ttec.ai,error,Email
www.ttec.ai,error,Instagram
www.ttec.ai,error,Facebook
www.ttec.ai,error,Twitter
www.ttec.ai,error,Tiktok
www.ttec.ai,error,Youtube
www.ttec.ai,error,Github
www.ttec.ai,error,Medium
gryphon.ai,error,Email
gryphon.ai,error,Instagram
gryphon.ai,error,Facebook
gryphon.ai,error,Twitter
gryphon.ai,error,Tiktok
gryphon.ai,error,Youtube
gryphon.ai,error,Github
gryphon.ai,error,Medium
genhealth.ai,error,Email
genhealth.ai,error,Instagram
genhealth.ai,error,Facebook
genhealth.ai,error,Twitter
genhealth.ai,error,Tiktok
genhealth.ai,error,Youtube
genhealth.ai,error,Github
genhealth.ai,error,Medium
www.antuit.ai,error,Email
www.antuit.ai,error,Instagram
www.antuit.ai,error,Facebook
www.antuit.ai,error,Twitter
www.antuit.ai,error,Tiktok
www.antuit.ai,error,Youtube
www.antuit.ai,error,Github
www.antuit.ai,error,Medium
www.bardeen.ai,error,Email
www.bardeen.ai,error,Instagram
www.bardeen.ai,error,Facebook
www.bardeen.ai,error,Twitter
www.bardeen.ai,error,Tiktok
www.bardeen.ai,error,Youtube
www.bardeen.ai,error,Github
www.bardeen.ai,error,Medium
www.telm.ai,error,Email
www.telm.ai,error,Instagram
www.telm.ai,error,Facebook
www.telm.ai,error,Twitter
www.telm.ai,error,Tiktok
www.telm.ai,error,Youtube
www.telm.ai,error,Github
www.telm.ai,error,Medium
feedback.seamless.ai,error,Email
feedback.seamless.ai,error,Instagram
feedback.seamless.ai,error,Facebook
feedback.seamless.ai,error,Twitter
feedback.seamless.ai,error,Tiktok
feedback.seamless.ai,error,Youtube
feedback.seamless.ai,error,Github
feedback.seamless.ai,error,Medium
thelevel.ai,error,Email
thelevel.ai,error,Instagram
thelevel.ai,error,Facebook
thelevel.ai,error,Twitter
thelevel.ai,error,Tiktok
thelevel.ai,error,Youtube
thelevel.ai,error,Github
thelevel.ai,error,Medium
www.bearrobotics.ai,error,Email
www.bearrobotics.ai,error,Instagram
www.bearrobotics.ai,error,Facebook
www.bearrobotics.ai,error,Twitter
www.bearrobotics.ai,error,Tiktok
www.bearrobotics.ai,error,Youtube
www.bearrobotics.ai,error,Github
www.bearrobotics.ai,error,Medium
www.axelera.ai,error,Email
www.axelera.ai,error,Instagram
www.axelera.ai,error,Facebook
www.axelera.ai,error,Twitter
www.axelera.ai,error,Tiktok
www.axelera.ai,error,Youtube
www.axelera.ai,error,Github
www.axelera.ai,error,Medium
support.read.ai,error,Email
support.read.ai,error,Instagram
support.read.ai,error,Facebook
support.read.ai,error,Twitter
support.read.ai,error,Tiktok
support.read.ai,error,Youtube
support.read.ai,error,Github
support.read.ai,error,Medium
www.replicant.ai,error,Email
www.replicant.ai,error,Instagram
www.replicant.ai,error,Facebook
www.replicant.ai,error,Twitter
www.replicant.ai,error,Tiktok
www.replicant.ai,error,Youtube
www.replicant.ai,error,Github
www.replicant.ai,error,Medium
briefpoint.ai,error,Email
briefpoint.ai,error,Instagram
briefpoint.ai,error,Facebook
briefpoint.ai,error,Twitter
briefpoint.ai,error,Tiktok
briefpoint.ai,error,Youtube
briefpoint.ai,error,Github
briefpoint.ai,error,Medium
riseof.ai,error,Email
riseof.ai,error,Instagram
riseof.ai,error,Facebook
riseof.ai,error,Twitter
riseof.ai,error,Tiktok
riseof.ai,error,Youtube
riseof.ai,error,Github
riseof.ai,error,Medium
www.hyro.ai,error,Email
www.hyro.ai,error,Instagram
www.hyro.ai,error,Facebook
www.hyro.ai,error,Twitter
www.hyro.ai,error,Tiktok
www.hyro.ai,error,Youtube
www.hyro.ai,error,Github
www.hyro.ai,error,Medium
www.cranium.ai,error,Email
www.cranium.ai,error,Instagram
www.cranium.ai,error,Facebook
www.cranium.ai,error,Twitter
www.cranium.ai,error,Tiktok
www.cranium.ai,error,Youtube
www.cranium.ai,error,Github
www.cranium.ai,error,Medium
spitch.ai,error,Email
spitch.ai,error,Instagram
spitch.ai,error,Facebook
spitch.ai,error,Twitter
spitch.ai,error,Tiktok
spitch.ai,error,Youtube
spitch.ai,error,Github
spitch.ai,error,Medium
scite.ai,error,Email
scite.ai,error,Instagram
scite.ai,error,Facebook
scite.ai,error,Twitter
scite.ai,error,Tiktok
scite.ai,error,Youtube
scite.ai,error,Github
scite.ai,error,Medium
atlux.ai,error,Email
atlux.ai,error,Instagram
atlux.ai,error,Facebook
atlux.ai,error,Twitter
atlux.ai,error,Tiktok
atlux.ai,error,Youtube
atlux.ai,error,Github
atlux.ai,error,Medium
getrev.ai,error,Email
getrev.ai,error,Instagram
getrev.ai,error,Facebook
getrev.ai,error,Twitter
getrev.ai,error,Tiktok
getrev.ai,error,Youtube
getrev.ai,error,Github
getrev.ai,error,Medium
www.rockfish.ai,error,Email
www.rockfish.ai,error,Instagram
www.rockfish.ai,error,Facebook
www.rockfish.ai,error,Twitter
www.rockfish.ai,error,Tiktok
www.rockfish.ai,error,Youtube
www.rockfish.ai,error,Github
www.rockfish.ai,error,Medium
returngo.ai,error,Email
returngo.ai,error,Instagram
returngo.ai,error,Facebook
returngo.ai,error,Twitter
returngo.ai,error,Tiktok
returngo.ai,error,Youtube
returngo.ai,error,Github
returngo.ai,error,Medium
aigo.ai,error,Email
aigo.ai,error,Instagram
aigo.ai,error,Facebook
aigo.ai,error,Twitter
aigo.ai,error,Tiktok
aigo.ai,error,Youtube
aigo.ai,error,Github
aigo.ai,error,Medium
www.typeface.ai,error,Email
www.typeface.ai,error,Instagram
www.typeface.ai,error,Facebook
www.typeface.ai,error,Twitter
www.typeface.ai,error,Tiktok
www.typeface.ai,error,Youtube
www.typeface.ai,error,Github
www.typeface.ai,error,Medium
www.helixa.ai,error,Email
www.helixa.ai,error,Instagram
www.helixa.ai,error,Facebook
www.helixa.ai,error,Twitter
www.helixa.ai,error,Tiktok
www.helixa.ai,error,Youtube
www.helixa.ai,error,Github
www.helixa.ai,error,Medium
helsing.ai,error,Email
helsing.ai,error,Instagram
helsing.ai,error,Facebook
helsing.ai,error,Twitter
helsing.ai,error,Tiktok
helsing.ai,error,Youtube
helsing.ai,error,Github
helsing.ai,error,Medium
rul.ai,error,Email
rul.ai,error,Instagram
rul.ai,error,Facebook
rul.ai,error,Twitter
rul.ai,error,Tiktok
rul.ai,error,Youtube
rul.ai,error,Github
rul.ai,error,Medium
pagos.ai,error,Email
pagos.ai,error,Instagram
pagos.ai,error,Facebook
pagos.ai,error,Twitter
pagos.ai,error,Tiktok
pagos.ai,error,Youtube
pagos.ai,error,Github
pagos.ai,error,Medium
knowmax.ai,error,Email
knowmax.ai,error,Instagram
knowmax.ai,error,Facebook
knowmax.ai,error,Twitter
knowmax.ai,error,Tiktok
knowmax.ai,error,Youtube
knowmax.ai,error,Github
knowmax.ai,error,Medium
www.electric.ai,error,Email
www.electric.ai,error,Instagram
www.electric.ai,error,Facebook
www.electric.ai,error,Twitter
www.electric.ai,error,Tiktok
www.electric.ai,error,Youtube
www.electric.ai,error,Github
www.electric.ai,error,Medium
cignal.ai,error,Email
cignal.ai,error,Instagram
cignal.ai,error,Facebook
cignal.ai,error,Twitter
cignal.ai,error,Tiktok
cignal.ai,error,Youtube
cignal.ai,error,Github
cignal.ai,error,Medium
saifr.ai,error,Email
saifr.ai,error,Instagram
saifr.ai,error,Facebook
saifr.ai,error,Twitter
saifr.ai,error,Tiktok
saifr.ai,error,Youtube
saifr.ai,error,Github
saifr.ai,error,Medium
offers.wordly.ai,error,Email
offers.wordly.ai,error,Instagram
offers.wordly.ai,error,Facebook
offers.wordly.ai,error,Twitter
offers.wordly.ai,error,Tiktok
offers.wordly.ai,error,Youtube
offers.wordly.ai,error,Github
offers.wordly.ai,error,Medium
www.aeye.ai,error,Email
www.aeye.ai,error,Instagram
www.aeye.ai,error,Facebook
www.aeye.ai,error,Twitter
www.aeye.ai,error,Tiktok
www.aeye.ai,error,Youtube
www.aeye.ai,error,Github
www.aeye.ai,error,Medium
www.twosense.ai,error,Email
www.twosense.ai,error,Instagram
www.twosense.ai,error,Facebook
www.twosense.ai,error,Twitter
www.twosense.ai,error,Tiktok
www.twosense.ai,error,Youtube
www.twosense.ai,error,Github
www.twosense.ai,error,Medium
conote.ai,error,Email
conote.ai,error,Instagram
conote.ai,error,Facebook
conote.ai,error,Twitter
conote.ai,error,Tiktok
conote.ai,error,Youtube
conote.ai,error,Github
conote.ai,error,Medium
www.toolify.ai,error,Email
www.toolify.ai,error,Instagram
www.toolify.ai,error,Facebook
www.toolify.ai,error,Twitter
www.toolify.ai,error,Tiktok
www.toolify.ai,error,Youtube
www.toolify.ai,error,Github
www.toolify.ai,error,Medium
normalyze.ai,error,Email
normalyze.ai,error,Instagram
normalyze.ai,error,Facebook
normalyze.ai,error,Twitter
normalyze.ai,error,Tiktok
normalyze.ai,error,Youtube
normalyze.ai,error,Github
normalyze.ai,error,Medium
www.jasper.ai,error,Email
www.jasper.ai,error,Instagram
www.jasper.ai,error,Facebook
www.jasper.ai,error,Twitter
www.jasper.ai,error,Tiktok
www.jasper.ai,error,Youtube
www.jasper.ai,error,Github
www.jasper.ai,error,Medium
www.xant.ai,error,Email
www.xant.ai,error,Instagram
www.xant.ai,error,Facebook
www.xant.ai,error,Twitter
www.xant.ai,error,Tiktok
www.xant.ai,error,Youtube
www.xant.ai,error,Github
www.xant.ai,error,Medium
blog.motiva.ai,error,Email
blog.motiva.ai,error,Instagram
blog.motiva.ai,error,Facebook
blog.motiva.ai,error,Twitter
blog.motiva.ai,error,Tiktok
blog.motiva.ai,error,Youtube
blog.motiva.ai,error,Github
blog.motiva.ai,error,Medium
blog.flowpoint.ai,error,Email
blog.flowpoint.ai,error,Instagram
blog.flowpoint.ai,error,Facebook
blog.flowpoint.ai,error,Twitter
blog.flowpoint.ai,error,Tiktok
blog.flowpoint.ai,error,Youtube
blog.flowpoint.ai,error,Github
blog.flowpoint.ai,error,Medium
reclaim.ai,error,Email
reclaim.ai,error,Instagram
reclaim.ai,error,Facebook
reclaim.ai,error,Twitter
reclaim.ai,error,Tiktok
reclaim.ai,error,Youtube
reclaim.ai,error,Github
reclaim.ai,error,Medium
democratizingdata.ai,error,Email
democratizingdata.ai,error,Instagram
democratizingdata.ai,error,Facebook
democratizingdata.ai,error,Twitter
democratizingdata.ai,error,Tiktok
democratizingdata.ai,error,Youtube
democratizingdata.ai,error,Github
democratizingdata.ai,error,Medium
nektar.ai,error,Email
nektar.ai,error,Instagram
nektar.ai,error,Facebook
nektar.ai,error,Twitter
nektar.ai,error,Tiktok
nektar.ai,error,Youtube
nektar.ai,error,Github
nektar.ai,error,Medium
www.ikonos.ai,error,Email
www.ikonos.ai,error,Instagram
www.ikonos.ai,error,Facebook
www.ikonos.ai,error,Twitter
www.ikonos.ai,error,Tiktok
www.ikonos.ai,error,Youtube
www.ikonos.ai,error,Github
www.ikonos.ai,error,Medium
datarade.ai,error,Email
datarade.ai,error,Instagram
datarade.ai,error,Facebook
datarade.ai,error,Twitter
datarade.ai,error,Tiktok
datarade.ai,error,Youtube
datarade.ai,error,Github
datarade.ai,error,Medium
smith.ai,error,Email
smith.ai,error,Instagram
smith.ai,error,Facebook
smith.ai,error,Twitter
smith.ai,error,Tiktok
smith.ai,error,Youtube
smith.ai,error,Github
smith.ai,error,Medium
saile.ai,error,Email
saile.ai,error,Instagram
saile.ai,error,Facebook
saile.ai,error,Twitter
saile.ai,error,Tiktok
saile.ai,error,Youtube
saile.ai,error,Github
saile.ai,error,Medium
examroom.ai,error,Email
examroom.ai,error,Instagram
examroom.ai,error,Facebook
examroom.ai,error,Twitter
examroom.ai,error,Tiktok
examroom.ai,error,Youtube
examroom.ai,error,Github
examroom.ai,error,Medium
www.csat.ai,error,Email
www.csat.ai,error,Instagram
www.csat.ai,error,Facebook
www.csat.ai,error,Twitter
www.csat.ai,error,Tiktok
www.csat.ai,error,Youtube
www.csat.ai,error,Github
www.csat.ai,error,Medium
www.qlary.ai,error,Email
www.qlary.ai,error,Instagram
www.qlary.ai,error,Facebook
www.qlary.ai,error,Twitter
www.qlary.ai,error,Tiktok
www.qlary.ai,error,Youtube
www.qlary.ai,error,Github
www.qlary.ai,error,Medium
www.inbuild.ai,error,Email
www.inbuild.ai,error,Instagram
www.inbuild.ai,error,Facebook
www.inbuild.ai,error,Twitter
www.inbuild.ai,error,Tiktok
www.inbuild.ai,error,Youtube
www.inbuild.ai,error,Github
www.inbuild.ai,error,Medium
www.synop.ai,error,Email
www.synop.ai,error,Instagram
www.synop.ai,error,Facebook
www.synop.ai,error,Twitter
www.synop.ai,error,Tiktok
www.synop.ai,error,Youtube
www.synop.ai,error,Github
www.synop.ai,error,Medium
www.hypervision.ai,error,Email
www.hypervision.ai,error,Instagram
www.hypervision.ai,error,Facebook
www.hypervision.ai,error,Twitter
www.hypervision.ai,error,Tiktok
www.hypervision.ai,error,Youtube
www.hypervision.ai,error,Github
www.hypervision.ai,error,Medium
www.allganize.ai,error,Email
www.allganize.ai,error,Instagram
www.allganize.ai,error,Facebook
www.allganize.ai,error,Twitter
www.allganize.ai,error,Tiktok
www.allganize.ai,error,Youtube
www.allganize.ai,error,Github
www.allganize.ai,error,Medium
emailtree.ai,error,Email
emailtree.ai,error,Instagram
emailtree.ai,error,Facebook
emailtree.ai,error,Twitter
emailtree.ai,error,Tiktok
emailtree.ai,error,Youtube
emailtree.ai,error,Github
emailtree.ai,error,Medium
